Exposure_dose_ug_per_ml,Surface_area_m2g,Formation_enthalpy_eV,Exposure_time_hr,Toxicity
0.0,89.01,-9.779,24.0,0
4.0,89.01,-9.779,24.0,0
8.0,89.01,-9.779,24.0,0
16.0,89.01,-9.779,24.0,0
32.0,89.01,-9.779,24.0,0
64.0,89.01,-9.779,24.0,0
0.0,89.01,-9.779,24.0,0
4.0,89.01,-9.779,24.0,0
8.0,89.01,-9.779,24.0,0
16.0,89.01,-9.779,24.0,0
32.0,89.01,-9.779,24.0,0
64.0,89.01,-9.779,24.0,0
0.0,17.6,-3.608,24.0,0
4.0,17.6,-3.608,24.0,0
8.0,17.6,-3.608,24.0,0
16.0,17.6,-3.608,24.0,0
32.0,17.6,-3.608,24.0,1
64.0,17.6,-3.608,24.0,1
0.0,17.6,-3.608,24.0,0
4.0,17.6,-3.608,24.0,0
8.0,17.6,-3.608,24.0,0
16.0,17.6,-3.608,24.0,0
32.0,17.6,-3.608,24.0,1
64.0,17.6,-3.608,24.0,1
1.0,17.2,-1.609,24.0,0
5.0,17.2,-1.609,24.0,0
10.0,17.2,-1.609,24.0,0
15.0,17.2,-1.609,24.0,0
17.5,17.2,-1.609,24.0,0
1.0,46.0,-9.779,24.0,0
7.5,46.0,-9.779,24.0,0
25.0,46.0,-9.779,24.0,0
0.0,56.0,-11.59,24.0,0
100.0,56.0,-11.59,24.0,0
200.0,56.0,-11.59,24.0,0
400.0,56.0,-11.59,24.0,0
600.0,56.0,-11.59,24.0,0
0.0,56.0,-11.59,24.0,0
100.0,56.0,-11.59,24.0,0
200.0,56.0,-11.59,24.0,0
400.0,56.0,-11.59,24.0,0
600.0,56.0,-11.59,24.0,0
0.0,29.96,-9.779,48.0,0
10.0,29.96,-9.779,48.0,0
46.4,29.96,-9.779,48.0,0
100.0,29.96,-9.779,48.0,0
0.0,29.96,-9.779,48.0,0
10.0,29.96,-9.779,48.0,0
46.4,29.96,-9.779,48.0,0
100.0,29.96,-9.779,48.0,0
0.0,236.4066194,-9.779,24.0,0
25.0,236.4066194,-9.779,24.0,0
50.0,236.4066194,-9.779,24.0,0
100.0,236.4066194,-9.779,24.0,0
200.0,236.4066194,-9.779,24.0,0
400.0,236.4066194,-9.779,24.0,0
800.0,236.4066194,-9.779,24.0,0
0.0,146.0,-9.779,24.0,0
15.0,146.0,-9.779,24.0,0
30.0,146.0,-9.779,24.0,0
60.0,146.0,-9.779,24.0,0
120.0,146.0,-9.779,24.0,0
0.0,61.0,-9.779,24.0,0
15.0,61.0,-9.779,24.0,0
30.0,61.0,-9.779,24.0,0
60.0,61.0,-9.779,24.0,0
120.0,61.0,-9.779,24.0,0
0.0,41.0,-9.779,24.0,0
15.0,41.0,-9.779,24.0,0
30.0,41.0,-9.779,24.0,0
60.0,41.0,-9.779,24.0,0
120.0,41.0,-9.779,24.0,1
0.0,61.0,-9.779,24.0,0
15.0,61.0,-9.779,24.0,0
30.0,61.0,-9.779,24.0,0
60.0,61.0,-9.779,24.0,0
120.0,61.0,-9.779,24.0,0
0.0,55.0,-9.779,24.0,0
15.0,55.0,-9.779,24.0,0
30.0,55.0,-9.779,24.0,0
60.0,55.0,-9.779,24.0,0
120.0,55.0,-9.779,24.0,1
1.0,30.6,-8.91,24.0,0
5.0,30.6,-8.91,24.0,0
10.0,30.6,-8.91,24.0,0
25.0,30.6,-8.91,24.0,0
75.0,30.6,-8.91,24.0,0
100.0,30.6,-8.91,24.0,0
250.0,30.6,-8.91,24.0,0
1.0,30.6,-8.91,48.0,0
5.0,30.6,-8.91,48.0,0
10.0,30.6,-8.91,48.0,0
25.0,30.6,-8.91,48.0,0
75.0,30.6,-8.91,48.0,1
100.0,30.6,-8.91,48.0,1
250.0,30.6,-8.91,48.0,1
1.0,30.6,-8.91,72.0,0
5.0,30.6,-8.91,72.0,0
10.0,30.6,-8.91,72.0,0
25.0,30.6,-8.91,72.0,1
75.0,30.6,-8.91,72.0,1
100.0,30.6,-8.91,72.0,1
250.0,30.6,-8.91,72.0,1
1.0,19.6,-8.91,24.0,0
5.0,19.6,-8.91,24.0,0
10.0,19.6,-8.91,24.0,0
25.0,19.6,-8.91,24.0,0
75.0,19.6,-8.91,24.0,0
100.0,19.6,-8.91,24.0,0
250.0,19.6,-8.91,24.0,0
1.0,19.6,-8.91,48.0,0
5.0,19.6,-8.91,48.0,0
10.0,19.6,-8.91,48.0,0
25.0,19.6,-8.91,48.0,0
75.0,19.6,-8.91,48.0,1
100.0,19.6,-8.91,48.0,1
250.0,19.6,-8.91,48.0,1
1.0,19.6,-8.91,72.0,0
5.0,19.6,-8.91,72.0,0
10.0,19.6,-8.91,72.0,0
25.0,19.6,-8.91,72.0,1
75.0,19.6,-8.91,72.0,1
100.0,19.6,-8.91,72.0,1
250.0,19.6,-8.91,72.0,1
1.0,9.3,-8.91,24.0,0
5.0,9.3,-8.91,24.0,0
10.0,9.3,-8.91,24.0,0
25.0,9.3,-8.91,24.0,0
75.0,9.3,-8.91,24.0,0
100.0,9.3,-8.91,24.0,0
250.0,9.3,-8.91,24.0,0
1.0,9.3,-8.91,48.0,0
5.0,9.3,-8.91,48.0,0
10.0,9.3,-8.91,48.0,0
25.0,9.3,-8.91,48.0,1
75.0,9.3,-8.91,48.0,1
100.0,9.3,-8.91,48.0,1
250.0,9.3,-8.91,48.0,1
1.0,9.3,-8.91,72.0,0
5.0,9.3,-8.91,72.0,0
10.0,9.3,-8.91,72.0,0
25.0,9.3,-8.91,72.0,1
75.0,9.3,-8.91,72.0,1
100.0,9.3,-8.91,72.0,1
250.0,9.3,-8.91,72.0,1
1.0,36.0,-8.91,24.0,0
5.0,36.0,-8.91,24.0,0
10.0,36.0,-8.91,24.0,0
25.0,36.0,-8.91,24.0,0
75.0,36.0,-8.91,24.0,0
100.0,36.0,-8.91,24.0,0
250.0,36.0,-8.91,24.0,0
1.0,36.0,-8.91,48.0,0
5.0,36.0,-8.91,48.0,0
10.0,36.0,-8.91,48.0,0
25.0,36.0,-8.91,48.0,0
75.0,36.0,-8.91,48.0,1
100.0,36.0,-8.91,48.0,1
250.0,36.0,-8.91,48.0,1
1.0,36.0,-8.91,72.0,0
5.0,36.0,-8.91,72.0,0
10.0,36.0,-8.91,72.0,0
25.0,36.0,-8.91,72.0,0
75.0,36.0,-8.91,72.0,1
100.0,36.0,-8.91,72.0,1
250.0,36.0,-8.91,72.0,1
1.0,40.0,-8.91,24.0,0
5.0,40.0,-8.91,24.0,0
10.0,40.0,-8.91,24.0,0
25.0,40.0,-8.91,24.0,0
75.0,40.0,-8.91,24.0,0
100.0,40.0,-8.91,24.0,0
250.0,40.0,-8.91,24.0,0
1.0,40.0,-8.91,48.0,0
5.0,40.0,-8.91,48.0,0
10.0,40.0,-8.91,48.0,0
25.0,40.0,-8.91,48.0,1
75.0,40.0,-8.91,48.0,1
100.0,40.0,-8.91,48.0,1
250.0,40.0,-8.91,48.0,1
1.0,40.0,-8.91,72.0,0
5.0,40.0,-8.91,72.0,0
10.0,40.0,-8.91,72.0,1
25.0,40.0,-8.91,72.0,1
75.0,40.0,-8.91,72.0,1
100.0,40.0,-8.91,72.0,1
250.0,40.0,-8.91,72.0,1
1.0,28.9,-8.91,24.0,0
5.0,28.9,-8.91,24.0,0
10.0,28.9,-8.91,24.0,0
25.0,28.9,-8.91,24.0,0
75.0,28.9,-8.91,24.0,0
100.0,28.9,-8.91,24.0,0
250.0,28.9,-8.91,24.0,0
1.0,28.9,-8.91,48.0,0
5.0,28.9,-8.91,48.0,0
10.0,28.9,-8.91,48.0,0
25.0,28.9,-8.91,48.0,1
75.0,28.9,-8.91,48.0,1
100.0,28.9,-8.91,48.0,1
250.0,28.9,-8.91,48.0,1
1.0,28.9,-8.91,72.0,0
5.0,28.9,-8.91,72.0,0
10.0,28.9,-8.91,72.0,0
25.0,28.9,-8.91,72.0,1
75.0,28.9,-8.91,72.0,1
100.0,28.9,-8.91,72.0,1
250.0,28.9,-8.91,72.0,1
1.0,29.4,-8.91,24.0,0
5.0,29.4,-8.91,24.0,0
10.0,29.4,-8.91,24.0,0
25.0,29.4,-8.91,24.0,0
75.0,29.4,-8.91,24.0,0
100.0,29.4,-8.91,24.0,0
250.0,29.4,-8.91,24.0,0
1.0,29.4,-8.91,48.0,0
5.0,29.4,-8.91,48.0,0
10.0,29.4,-8.91,48.0,0
25.0,29.4,-8.91,48.0,1
75.0,29.4,-8.91,48.0,1
100.0,29.4,-8.91,48.0,1
250.0,29.4,-8.91,48.0,1
1.0,29.4,-8.91,72.0,0
5.0,29.4,-8.91,72.0,0
10.0,29.4,-8.91,72.0,0
25.0,29.4,-8.91,72.0,1
75.0,29.4,-8.91,72.0,1
100.0,29.4,-8.91,72.0,1
250.0,29.4,-8.91,72.0,1
1.0,30.7,-8.91,24.0,0
5.0,30.7,-8.91,24.0,0
10.0,30.7,-8.91,24.0,0
25.0,30.7,-8.91,24.0,0
75.0,30.7,-8.91,24.0,0
100.0,30.7,-8.91,24.0,0
250.0,30.7,-8.91,24.0,0
1.0,30.7,-8.91,48.0,0
5.0,30.7,-8.91,48.0,0
10.0,30.7,-8.91,48.0,0
25.0,30.7,-8.91,48.0,1
75.0,30.7,-8.91,48.0,1
100.0,30.7,-8.91,48.0,1
250.0,30.7,-8.91,48.0,1
1.0,30.7,-8.91,72.0,0
5.0,30.7,-8.91,72.0,0
10.0,30.7,-8.91,72.0,0
25.0,30.7,-8.91,72.0,1
75.0,30.7,-8.91,72.0,1
100.0,30.7,-8.91,72.0,1
250.0,30.7,-8.91,72.0,1
1.0,30.6,-8.91,24.0,0
5.0,30.6,-8.91,24.0,0
10.0,30.6,-8.91,24.0,0
25.0,30.6,-8.91,24.0,0
75.0,30.6,-8.91,24.0,1
100.0,30.6,-8.91,24.0,1
250.0,30.6,-8.91,24.0,1
1.0,30.6,-8.91,48.0,0
5.0,30.6,-8.91,48.0,0
10.0,30.6,-8.91,48.0,0
25.0,30.6,-8.91,48.0,1
75.0,30.6,-8.91,48.0,1
100.0,30.6,-8.91,48.0,1
250.0,30.6,-8.91,48.0,1
1.0,30.6,-8.91,72.0,0
5.0,30.6,-8.91,72.0,0
10.0,30.6,-8.91,72.0,0
25.0,30.6,-8.91,72.0,1
75.0,30.6,-8.91,72.0,1
100.0,30.6,-8.91,72.0,1
250.0,30.6,-8.91,72.0,1
1.0,19.6,-8.91,24.0,0
5.0,19.6,-8.91,24.0,0
10.0,19.6,-8.91,24.0,0
25.0,19.6,-8.91,24.0,0
75.0,19.6,-8.91,24.0,0
100.0,19.6,-8.91,24.0,0
250.0,19.6,-8.91,24.0,0
1.0,19.6,-8.91,48.0,0
5.0,19.6,-8.91,48.0,0
10.0,19.6,-8.91,48.0,0
25.0,19.6,-8.91,48.0,1
75.0,19.6,-8.91,48.0,1
100.0,19.6,-8.91,48.0,1
250.0,19.6,-8.91,48.0,1
1.0,19.6,-8.91,72.0,0
5.0,19.6,-8.91,72.0,0
10.0,19.6,-8.91,72.0,0
25.0,19.6,-8.91,72.0,1
75.0,19.6,-8.91,72.0,1
100.0,19.6,-8.91,72.0,1
250.0,19.6,-8.91,72.0,1
1.0,9.3,-8.91,24.0,0
5.0,9.3,-8.91,24.0,0
10.0,9.3,-8.91,24.0,0
25.0,9.3,-8.91,24.0,0
75.0,9.3,-8.91,24.0,0
100.0,9.3,-8.91,24.0,0
250.0,9.3,-8.91,24.0,0
1.0,9.3,-8.91,48.0,0
5.0,9.3,-8.91,48.0,0
10.0,9.3,-8.91,48.0,0
25.0,9.3,-8.91,48.0,0
75.0,9.3,-8.91,48.0,1
100.0,9.3,-8.91,48.0,1
250.0,9.3,-8.91,48.0,1
1.0,9.3,-8.91,72.0,0
5.0,9.3,-8.91,72.0,0
10.0,9.3,-8.91,72.0,0
25.0,9.3,-8.91,72.0,0
75.0,9.3,-8.91,72.0,1
100.0,9.3,-8.91,72.0,1
250.0,9.3,-8.91,72.0,1
1.0,36.0,-8.91,24.0,0
5.0,36.0,-8.91,24.0,0
10.0,36.0,-8.91,24.0,0
25.0,36.0,-8.91,24.0,0
75.0,36.0,-8.91,24.0,0
100.0,36.0,-8.91,24.0,0
250.0,36.0,-8.91,24.0,0
1.0,36.0,-8.91,48.0,0
5.0,36.0,-8.91,48.0,0
10.0,36.0,-8.91,48.0,0
25.0,36.0,-8.91,48.0,0
75.0,36.0,-8.91,48.0,1
100.0,36.0,-8.91,48.0,1
250.0,36.0,-8.91,48.0,1
1.0,36.0,-8.91,72.0,0
5.0,36.0,-8.91,72.0,0
10.0,36.0,-8.91,72.0,0
25.0,36.0,-8.91,72.0,0
75.0,36.0,-8.91,72.0,1
100.0,36.0,-8.91,72.0,1
250.0,36.0,-8.91,72.0,1
1.0,40.0,-8.91,24.0,0
5.0,40.0,-8.91,24.0,0
10.0,40.0,-8.91,24.0,0
25.0,40.0,-8.91,24.0,0
75.0,40.0,-8.91,24.0,0
100.0,40.0,-8.91,24.0,0
250.0,40.0,-8.91,24.0,0
1.0,40.0,-8.91,48.0,0
5.0,40.0,-8.91,48.0,0
10.0,40.0,-8.91,48.0,0
25.0,40.0,-8.91,48.0,1
75.0,40.0,-8.91,48.0,1
100.0,40.0,-8.91,48.0,1
250.0,40.0,-8.91,48.0,1
1.0,40.0,-8.91,72.0,0
5.0,40.0,-8.91,72.0,0
10.0,40.0,-8.91,72.0,0
25.0,40.0,-8.91,72.0,0
75.0,40.0,-8.91,72.0,1
100.0,40.0,-8.91,72.0,1
250.0,40.0,-8.91,72.0,1
1.0,28.9,-8.91,24.0,0
5.0,28.9,-8.91,24.0,0
10.0,28.9,-8.91,24.0,0
25.0,28.9,-8.91,24.0,0
75.0,28.9,-8.91,24.0,0
100.0,28.9,-8.91,24.0,0
250.0,28.9,-8.91,24.0,1
1.0,28.9,-8.91,48.0,0
5.0,28.9,-8.91,48.0,0
10.0,28.9,-8.91,48.0,0
25.0,28.9,-8.91,48.0,0
75.0,28.9,-8.91,48.0,1
100.0,28.9,-8.91,48.0,1
250.0,28.9,-8.91,48.0,1
1.0,28.9,-8.91,72.0,0
5.0,28.9,-8.91,72.0,0
10.0,28.9,-8.91,72.0,0
25.0,28.9,-8.91,72.0,1
75.0,28.9,-8.91,72.0,1
100.0,28.9,-8.91,72.0,1
250.0,28.9,-8.91,72.0,1
1.0,29.4,-8.91,24.0,0
5.0,29.4,-8.91,24.0,0
10.0,29.4,-8.91,24.0,0
25.0,29.4,-8.91,24.0,0
75.0,29.4,-8.91,24.0,0
100.0,29.4,-8.91,24.0,1
250.0,29.4,-8.91,24.0,0
1.0,29.4,-8.91,48.0,0
5.0,29.4,-8.91,48.0,0
10.0,29.4,-8.91,48.0,0
25.0,29.4,-8.91,48.0,1
75.0,29.4,-8.91,48.0,1
100.0,29.4,-8.91,48.0,1
250.0,29.4,-8.91,48.0,1
1.0,29.4,-8.91,72.0,0
5.0,29.4,-8.91,72.0,0
10.0,29.4,-8.91,72.0,0
25.0,29.4,-8.91,72.0,1
75.0,29.4,-8.91,72.0,1
100.0,29.4,-8.91,72.0,1
250.0,29.4,-8.91,72.0,1
1.0,30.7,-8.91,24.0,0
5.0,30.7,-8.91,24.0,0
10.0,30.7,-8.91,24.0,0
25.0,30.7,-8.91,24.0,0
75.0,30.7,-8.91,24.0,0
100.0,30.7,-8.91,24.0,0
250.0,30.7,-8.91,24.0,1
1.0,30.7,-8.91,48.0,0
5.0,30.7,-8.91,48.0,0
10.0,30.7,-8.91,48.0,0
25.0,30.7,-8.91,48.0,0
75.0,30.7,-8.91,48.0,1
100.0,30.7,-8.91,48.0,1
250.0,30.7,-8.91,48.0,1
1.0,30.7,-8.91,72.0,0
5.0,30.7,-8.91,72.0,0
10.0,30.7,-8.91,72.0,0
25.0,30.7,-8.91,72.0,1
75.0,30.7,-8.91,72.0,1
100.0,30.7,-8.91,72.0,1
250.0,30.7,-8.91,72.0,1
7.5,29.0,-1.609,24.0,0
15.0,29.0,-1.609,24.0,0
25.0,29.0,-1.609,24.0,0
50.0,29.0,-1.609,24.0,0
100.0,29.0,-1.609,24.0,0
150.0,29.0,-1.609,24.0,0
200.0,29.0,-1.609,24.0,1
300.0,29.0,-1.609,24.0,1
3.0,48.2,-3.608,24.0,0
5.0,48.2,-3.608,24.0,0
12.0,48.2,-3.608,24.0,0
25.0,48.2,-3.608,24.0,0
50.0,48.2,-3.608,24.0,0
70.0,48.2,-3.608,24.0,0
80.0,48.2,-3.608,24.0,0
100.0,48.2,-3.608,24.0,1
7.5,27.5,-9.779,24.0,0
15.0,27.5,-9.779,24.0,0
25.0,27.5,-9.779,24.0,0
50.0,27.5,-9.779,24.0,0
100.0,27.5,-9.779,24.0,0
200.0,27.5,-9.779,24.0,0
300.0,27.5,-9.779,24.0,0
400.0,27.5,-9.779,24.0,0
0.0,167.0,-9.779,72.0,0
0.23,167.0,-9.779,72.0,0
0.47,167.0,-9.779,72.0,0
0.94,167.0,-9.779,72.0,0
1.88,167.0,-9.779,72.0,0
3.75,167.0,-9.779,72.0,0
7.5,167.0,-9.779,72.0,0
15.0,167.0,-9.779,72.0,0
30.0,167.0,-9.779,72.0,0
0.0,20.0,-3.608,72.0,0
0.23,20.0,-3.608,72.0,0
0.47,20.0,-3.608,72.0,0
0.94,20.0,-3.608,72.0,0
1.88,20.0,-3.608,72.0,0
3.75,20.0,-3.608,72.0,0
7.5,20.0,-3.608,72.0,0
15.0,20.0,-3.608,72.0,1
30.0,20.0,-3.608,72.0,1
0.0,42.0,-1.609,72.0,0
0.23,42.0,-1.609,72.0,0
0.47,42.0,-1.609,72.0,0
0.94,42.0,-1.609,72.0,0
1.88,42.0,-1.609,72.0,0
3.75,42.0,-1.609,72.0,0
7.5,42.0,-1.609,72.0,0
15.0,42.0,-1.609,72.0,1
30.0,42.0,-1.609,72.0,1
0.0,26.069,-3.608,6.0,0
12.5,26.069,-3.608,6.0,0
25.0,26.069,-3.608,6.0,0
50.0,26.069,-3.608,6.0,0
100.0,26.069,-3.608,6.0,0
200.0,26.069,-3.608,6.0,0
0.0,26.069,-3.608,12.0,0
12.5,26.069,-3.608,12.0,0
25.0,26.069,-3.608,12.0,0
50.0,26.069,-3.608,12.0,0
100.0,26.069,-3.608,12.0,0
200.0,26.069,-3.608,12.0,0
0.0,26.069,-3.608,24.0,0
12.5,26.069,-3.608,24.0,0
25.0,26.069,-3.608,24.0,0
50.0,26.069,-3.608,24.0,0
100.0,26.069,-3.608,24.0,1
200.0,26.069,-3.608,24.0,1
0.0,26.069,-3.608,48.0,0
12.5,26.069,-3.608,48.0,0
25.0,26.069,-3.608,48.0,0
50.0,26.069,-3.608,48.0,1
100.0,26.069,-3.608,48.0,1
200.0,26.069,-3.608,48.0,1
0.0,23.2,-3.608,3.0,0
1.0,23.2,-3.608,3.0,0
2.5,23.2,-3.608,3.0,0
5.0,23.2,-3.608,3.0,0
10.0,23.2,-3.608,3.0,0
25.0,23.2,-3.608,3.0,0
50.0,23.2,-3.608,3.0,0
100.0,23.2,-3.608,3.0,0
0.0,23.2,-3.608,6.0,0
1.0,23.2,-3.608,6.0,0
2.5,23.2,-3.608,6.0,0
5.0,23.2,-3.608,6.0,0
10.0,23.2,-3.608,6.0,0
25.0,23.2,-3.608,6.0,0
50.0,23.2,-3.608,6.0,0
100.0,23.2,-3.608,6.0,0
0.0,23.2,-3.608,24.0,0
1.0,23.2,-3.608,24.0,0
2.5,23.2,-3.608,24.0,0
5.0,23.2,-3.608,24.0,0
10.0,23.2,-3.608,24.0,0
25.0,23.2,-3.608,24.0,0
50.0,23.2,-3.608,24.0,1
100.0,23.2,-3.608,24.0,1
0.0,23.2,-3.608,48.0,0
1.0,23.2,-3.608,48.0,0
2.5,23.2,-3.608,48.0,0
5.0,23.2,-3.608,48.0,0
10.0,23.2,-3.608,48.0,0
25.0,23.2,-3.608,48.0,1
50.0,23.2,-3.608,48.0,1
100.0,23.2,-3.608,48.0,1
0.0,23.2,-3.608,72.0,0
1.0,23.2,-3.608,72.0,0
2.5,23.2,-3.608,72.0,0
5.0,23.2,-3.608,72.0,0
10.0,23.2,-3.608,72.0,0
25.0,23.2,-3.608,72.0,1
50.0,23.2,-3.608,72.0,1
100.0,23.2,-3.608,72.0,1
0.0,13.3,-3.608,3.0,0
1.0,13.3,-3.608,3.0,0
2.5,13.3,-3.608,3.0,0
5.0,13.3,-3.608,3.0,0
10.0,13.3,-3.608,3.0,0
25.0,13.3,-3.608,3.0,0
50.0,13.3,-3.608,3.0,0
100.0,13.3,-3.608,3.0,0
0.0,13.3,-3.608,6.0,0
1.0,13.3,-3.608,6.0,0
2.5,13.3,-3.608,6.0,0
5.0,13.3,-3.608,6.0,0
10.0,13.3,-3.608,6.0,0
25.0,13.3,-3.608,6.0,0
50.0,13.3,-3.608,6.0,0
100.0,13.3,-3.608,6.0,0
0.0,13.3,-3.608,24.0,0
1.0,13.3,-3.608,24.0,0
2.5,13.3,-3.608,24.0,0
5.0,13.3,-3.608,24.0,0
10.0,13.3,-3.608,24.0,0
25.0,13.3,-3.608,24.0,0
50.0,13.3,-3.608,24.0,1
100.0,13.3,-3.608,24.0,1
0.0,13.3,-3.608,48.0,0
1.0,13.3,-3.608,48.0,0
2.5,13.3,-3.608,48.0,0
5.0,13.3,-3.608,48.0,0
10.0,13.3,-3.608,48.0,0
25.0,13.3,-3.608,48.0,1
50.0,13.3,-3.608,48.0,1
100.0,13.3,-3.608,48.0,1
0.0,13.3,-3.608,72.0,0
1.0,13.3,-3.608,72.0,0
2.5,13.3,-3.608,72.0,0
5.0,13.3,-3.608,72.0,0
10.0,13.3,-3.608,72.0,0
25.0,13.3,-3.608,72.0,1
50.0,13.3,-3.608,72.0,1
100.0,13.3,-3.608,72.0,1
0.0,23.2,-3.608,3.0,0
1.0,23.2,-3.608,3.0,0
2.5,23.2,-3.608,3.0,0
5.0,23.2,-3.608,3.0,0
10.0,23.2,-3.608,3.0,0
25.0,23.2,-3.608,3.0,0
50.0,23.2,-3.608,3.0,0
100.0,23.2,-3.608,3.0,1
0.0,23.2,-3.608,6.0,0
1.0,23.2,-3.608,6.0,0
2.5,23.2,-3.608,6.0,0
5.0,23.2,-3.608,6.0,0
10.0,23.2,-3.608,6.0,0
25.0,23.2,-3.608,6.0,0
50.0,23.2,-3.608,6.0,1
100.0,23.2,-3.608,6.0,1
0.0,23.2,-3.608,24.0,0
1.0,23.2,-3.608,24.0,0
2.5,23.2,-3.608,24.0,0
5.0,23.2,-3.608,24.0,0
10.0,23.2,-3.608,24.0,0
25.0,23.2,-3.608,24.0,0
50.0,23.2,-3.608,24.0,1
100.0,23.2,-3.608,24.0,1
0.0,23.2,-3.608,48.0,0
1.0,23.2,-3.608,48.0,0
2.5,23.2,-3.608,48.0,0
5.0,23.2,-3.608,48.0,0
10.0,23.2,-3.608,48.0,0
25.0,23.2,-3.608,48.0,0
50.0,23.2,-3.608,48.0,1
100.0,23.2,-3.608,48.0,1
0.0,23.2,-3.608,72.0,0
1.0,23.2,-3.608,72.0,0
2.5,23.2,-3.608,72.0,0
5.0,23.2,-3.608,72.0,0
10.0,23.2,-3.608,72.0,0
25.0,23.2,-3.608,72.0,0
50.0,23.2,-3.608,72.0,1
100.0,23.2,-3.608,72.0,1
0.0,13.3,-3.608,3.0,0
1.0,13.3,-3.608,3.0,0
2.5,13.3,-3.608,3.0,0
5.0,13.3,-3.608,3.0,0
10.0,13.3,-3.608,3.0,0
25.0,13.3,-3.608,3.0,0
50.0,13.3,-3.608,3.0,0
100.0,13.3,-3.608,3.0,1
0.0,13.3,-3.608,6.0,0
1.0,13.3,-3.608,6.0,0
2.5,13.3,-3.608,6.0,0
5.0,13.3,-3.608,6.0,0
10.0,13.3,-3.608,6.0,0
25.0,13.3,-3.608,6.0,0
50.0,13.3,-3.608,6.0,1
100.0,13.3,-3.608,6.0,1
0.0,13.3,-3.608,24.0,0
1.0,13.3,-3.608,24.0,0
2.5,13.3,-3.608,24.0,0
5.0,13.3,-3.608,24.0,0
10.0,13.3,-3.608,24.0,0
25.0,13.3,-3.608,24.0,0
50.0,13.3,-3.608,24.0,1
100.0,13.3,-3.608,24.0,1
0.0,13.3,-3.608,48.0,0
1.0,13.3,-3.608,48.0,0
2.5,13.3,-3.608,48.0,0
5.0,13.3,-3.608,48.0,0
10.0,13.3,-3.608,48.0,0
25.0,13.3,-3.608,48.0,0
50.0,13.3,-3.608,48.0,1
100.0,13.3,-3.608,48.0,1
0.0,13.3,-3.608,72.0,0
1.0,13.3,-3.608,72.0,0
2.5,13.3,-3.608,72.0,0
5.0,13.3,-3.608,72.0,0
10.0,13.3,-3.608,72.0,0
25.0,13.3,-3.608,72.0,0
50.0,13.3,-3.608,72.0,1
100.0,13.3,-3.608,72.0,1
0.0,52.7376093,-3.608,24.0,0
10.0,52.7376093,-3.608,24.0,0
20.0,52.7376093,-3.608,24.0,0
30.0,52.7376093,-3.608,24.0,0
40.0,52.7376093,-3.608,24.0,1
50.0,52.7376093,-3.608,24.0,1
60.0,52.7376093,-3.608,24.0,1
1200.0,41.13533525,-3.608,24.0,1
600.0,41.13533525,-3.608,24.0,1
300.0,41.13533525,-3.608,24.0,1
150.0,41.13533525,-3.608,24.0,1
75.0,41.13533525,-3.608,24.0,1
37.5,41.13533525,-3.608,24.0,0
18.75,41.13533525,-3.608,24.0,0
9.375,41.13533525,-3.608,24.0,0
1200.0,41.13533525,-3.608,24.0,1
600.0,41.13533525,-3.608,24.0,1
300.0,41.13533525,-3.608,24.0,1
150.0,41.13533525,-3.608,24.0,1
75.0,41.13533525,-3.608,24.0,1
37.5,41.13533525,-3.608,24.0,0
18.75,41.13533525,-3.608,24.0,0
9.375,41.13533525,-3.608,24.0,0
0.0,130.1461976,-11.59,6.0,0
100.0,130.1461976,-11.59,6.0,0
500.0,130.1461976,-11.59,6.0,0
1000.0,130.1461976,-11.59,6.0,1
0.0,130.1461976,-11.59,12.0,0
100.0,130.1461976,-11.59,12.0,1
500.0,130.1461976,-11.59,12.0,1
1000.0,130.1461976,-11.59,12.0,1
0.0,130.1461976,-11.59,24.0,0
100.0,130.1461976,-11.59,24.0,0
500.0,130.1461976,-11.59,24.0,0
1000.0,130.1461976,-11.59,24.0,1
100.0,38.61003861,-11.59,24.0,0
200.0,38.61003861,-11.59,24.0,0
400.0,38.61003861,-11.59,24.0,0
0.0,10.69518717,-3.608,24.0,0
10.0,10.69518717,-3.608,24.0,0
20.0,10.69518717,-3.608,24.0,0
30.0,10.69518717,-3.608,24.0,0
30.0,10.69518717,-3.608,48.0,0
40.0,10.69518717,-3.608,48.0,0
50.0,10.69518717,-3.608,48.0,0
60.0,10.69518717,-3.608,48.0,0
0.0,10.69518717,-3.608,24.0,0
10.0,10.69518717,-3.608,24.0,0
20.0,10.69518717,-3.608,24.0,0
30.0,10.69518717,-3.608,24.0,0
30.0,10.69518717,-3.608,48.0,0
40.0,10.69518717,-3.608,48.0,1
50.0,10.69518717,-3.608,48.0,1
60.0,10.69518717,-3.608,48.0,1
0.0,10.69518717,-3.608,24.0,0
10.0,10.69518717,-3.608,24.0,0
20.0,10.69518717,-3.608,24.0,0
30.0,10.69518717,-3.608,24.0,0
30.0,10.69518717,-3.608,48.0,1
40.0,10.69518717,-3.608,48.0,1
50.0,10.69518717,-3.608,48.0,1
60.0,10.69518717,-3.608,48.0,1
0.0,74.65472191,-9.779,24.0,0
10.0,74.65472191,-9.779,24.0,0
30.0,74.65472191,-9.779,24.0,0
50.0,74.65472191,-9.779,24.0,0
70.0,74.65472191,-9.779,24.0,0
90.0,74.65472191,-9.779,24.0,0
0.0,84.5475298,-11.59,24.0,0
10.0,84.5475298,-11.59,24.0,0
30.0,84.5475298,-11.59,24.0,0
50.0,84.5475298,-11.59,24.0,0
70.0,84.5475298,-11.59,24.0,0
90.0,84.5475298,-11.59,24.0,0
0.0,99.85354813,-11.59,24.0,0
2.0,99.85354813,-11.59,24.0,0
8.0,99.85354813,-11.59,24.0,0
31.0,99.85354813,-11.59,24.0,0
125.0,99.85354813,-11.59,24.0,0
500.0,99.85354813,-11.59,24.0,0
0.0,99.85354813,-11.59,24.0,0
2.0,99.85354813,-11.59,24.0,0
8.0,99.85354813,-11.59,24.0,0
31.0,99.85354813,-11.59,24.0,0
125.0,99.85354813,-11.59,24.0,0
500.0,99.85354813,-11.59,24.0,0
0.0,99.85354813,-11.59,24.0,0
2.0,99.85354813,-11.59,24.0,0
8.0,99.85354813,-11.59,24.0,0
31.0,99.85354813,-11.59,24.0,0
125.0,99.85354813,-11.59,24.0,0
500.0,99.85354813,-11.59,24.0,0
0.0,99.85354813,-11.59,24.0,0
2.0,99.85354813,-11.59,24.0,0
8.0,99.85354813,-11.59,24.0,0
31.0,99.85354813,-11.59,24.0,0
125.0,99.85354813,-11.59,24.0,0
500.0,99.85354813,-11.59,24.0,0
0.0,99.85354813,-11.59,24.0,0
2.0,99.85354813,-11.59,24.0,0
8.0,99.85354813,-11.59,24.0,0
31.0,99.85354813,-11.59,24.0,0
125.0,99.85354813,-11.59,24.0,0
500.0,99.85354813,-11.59,24.0,0
0.0,99.85354813,-11.59,24.0,0
2.0,99.85354813,-11.59,24.0,0
8.0,99.85354813,-11.59,24.0,0
31.0,99.85354813,-11.59,24.0,0
125.0,99.85354813,-11.59,24.0,0
500.0,99.85354813,-11.59,24.0,0
0.0,99.85354813,-11.59,24.0,0
2.0,99.85354813,-11.59,24.0,0
8.0,99.85354813,-11.59,24.0,0
31.0,99.85354813,-11.59,24.0,0
125.0,99.85354813,-11.59,24.0,0
500.0,99.85354813,-11.59,24.0,0
0.0,99.85354813,-11.59,24.0,0
2.0,99.85354813,-11.59,24.0,0
8.0,99.85354813,-11.59,24.0,0
31.0,99.85354813,-11.59,24.0,0
125.0,99.85354813,-11.59,24.0,0
500.0,99.85354813,-11.59,24.0,0
0.0,99.85354813,-11.59,24.0,0
2.0,99.85354813,-11.59,24.0,0
8.0,99.85354813,-11.59,24.0,0
31.0,99.85354813,-11.59,24.0,0
125.0,99.85354813,-11.59,24.0,0
500.0,99.85354813,-11.59,24.0,0
0.0,21.39037433,-3.608,24.0,0
5.0,21.39037433,-3.608,24.0,0
10.0,21.39037433,-3.608,24.0,0
20.0,21.39037433,-3.608,24.0,0
30.0,21.39037433,-3.608,24.0,1
40.0,21.39037433,-3.608,24.0,1
50.0,21.39037433,-3.608,24.0,1
60.0,21.39037433,-3.608,24.0,1
70.0,21.39037433,-3.608,24.0,1
80.0,21.39037433,-3.608,24.0,1
90.0,21.39037433,-3.608,24.0,1
100.0,21.39037433,-3.608,24.0,1
0.0,102.5045273,-11.59,24.0,0
10.0,102.5045273,-11.59,24.0,0
20.0,102.5045273,-11.59,24.0,0
50.0,102.5045273,-11.59,24.0,0
100.0,102.5045273,-11.59,24.0,0
250.0,102.5045273,-11.59,24.0,0
0.0,102.5045273,-11.59,48.0,0
10.0,102.5045273,-11.59,48.0,0
20.0,102.5045273,-11.59,48.0,0
50.0,102.5045273,-11.59,48.0,0
100.0,102.5045273,-11.59,48.0,0
250.0,102.5045273,-11.59,48.0,0
0.0,102.5045273,-11.59,72.0,0
10.0,102.5045273,-11.59,72.0,0
20.0,102.5045273,-11.59,72.0,0
50.0,102.5045273,-11.59,72.0,0
100.0,102.5045273,-11.59,72.0,0
250.0,102.5045273,-11.59,72.0,0
0.0,102.5045273,-11.59,24.0,0
10.0,102.5045273,-11.59,24.0,0
20.0,102.5045273,-11.59,24.0,0
50.0,102.5045273,-11.59,24.0,0
100.0,102.5045273,-11.59,24.0,0
250.0,102.5045273,-11.59,24.0,0
0.0,102.5045273,-11.59,48.0,0
10.0,102.5045273,-11.59,48.0,0
20.0,102.5045273,-11.59,48.0,0
50.0,102.5045273,-11.59,48.0,0
100.0,102.5045273,-11.59,48.0,0
250.0,102.5045273,-11.59,48.0,0
0.0,102.5045273,-11.59,72.0,0
10.0,102.5045273,-11.59,72.0,0
20.0,102.5045273,-11.59,72.0,0
50.0,102.5045273,-11.59,72.0,0
100.0,102.5045273,-11.59,72.0,0
250.0,102.5045273,-11.59,72.0,0
0.0,49.25137904,-9.779,24.0,0
6.25,49.25137904,-9.779,24.0,0
12.5,49.25137904,-9.779,24.0,0
25.0,49.25137904,-9.779,24.0,0
50.0,49.25137904,-9.779,24.0,0
0.0,12.50828674,-9.779,24.0,0
6.25,12.50828674,-9.779,24.0,0
12.5,12.50828674,-9.779,24.0,0
25.0,12.50828674,-9.779,24.0,0
50.0,12.50828674,-9.779,24.0,0
0.0,23.40303537,-3.608,24.0,0
6.25,23.40303537,-3.608,24.0,0
12.5,23.40303537,-3.608,24.0,0
25.0,23.40303537,-3.608,24.0,0
50.0,23.40303537,-3.608,24.0,1
0.0,18.94166598,-1.609,24.0,0
6.25,18.94166598,-1.609,24.0,1
12.5,18.94166598,-1.609,24.0,1
25.0,18.94166598,-1.609,24.0,1
50.0,18.94166598,-1.609,24.0,1
0.0,17.57618544,-1.609,24.0,0
33.3,17.57618544,-1.609,24.0,0
35.5,17.57618544,-1.609,24.0,0
37.7,17.57618544,-1.609,24.0,0
39.9,17.57618544,-1.609,24.0,0
42.1,17.57618544,-1.609,24.0,0
0.0,68.70459771,-1.609,24.0,0
3.125,68.70459771,-1.609,24.0,0
6.25,68.70459771,-1.609,24.0,0
12.5,68.70459771,-1.609,24.0,0
25.0,68.70459771,-1.609,24.0,0
50.0,68.70459771,-1.609,24.0,1
75.0,68.70459771,-1.609,24.0,1
100.0,68.70459771,-1.609,24.0,1
0.0,68.70459771,-1.609,72.0,0
3.125,68.70459771,-1.609,72.0,0
6.25,68.70459771,-1.609,72.0,0
12.5,68.70459771,-1.609,72.0,0
25.0,68.70459771,-1.609,72.0,1
50.0,68.70459771,-1.609,72.0,1
75.0,68.70459771,-1.609,72.0,1
100.0,68.70459771,-1.609,72.0,1
0.0,68.70459771,-1.609,24.0,0
3.125,68.70459771,-1.609,24.0,0
6.25,68.70459771,-1.609,24.0,0
12.5,68.70459771,-1.609,24.0,0
25.0,68.70459771,-1.609,24.0,0
50.0,68.70459771,-1.609,24.0,0
75.0,68.70459771,-1.609,24.0,0
100.0,68.70459771,-1.609,24.0,1
0.0,68.70459771,-1.609,72.0,0
3.125,68.70459771,-1.609,72.0,0
6.25,68.70459771,-1.609,72.0,0
12.5,68.70459771,-1.609,72.0,0
25.0,68.70459771,-1.609,72.0,0
50.0,68.70459771,-1.609,72.0,1
75.0,68.70459771,-1.609,72.0,1
100.0,68.70459771,-1.609,72.0,1
0.0,68.70459771,-1.609,48.0,0
3.125,68.70459771,-1.609,48.0,0
6.25,68.70459771,-1.609,48.0,0
12.5,68.70459771,-1.609,48.0,0
25.0,68.70459771,-1.609,48.0,0
50.0,68.70459771,-1.609,48.0,0
75.0,68.70459771,-1.609,48.0,0
100.0,68.70459771,-1.609,48.0,1
0.0,68.70459771,-1.609,48.0,0
3.125,68.70459771,-1.609,48.0,0
6.25,68.70459771,-1.609,48.0,0
12.5,68.70459771,-1.609,48.0,0
25.0,68.70459771,-1.609,48.0,0
50.0,68.70459771,-1.609,48.0,1
75.0,68.70459771,-1.609,48.0,1
100.0,68.70459771,-1.609,48.0,1
0.0,68.70459771,-1.609,48.0,0
3.125,68.70459771,-1.609,48.0,0
6.25,68.70459771,-1.609,48.0,0
12.5,68.70459771,-1.609,48.0,0
25.0,68.70459771,-1.609,48.0,1
50.0,68.70459771,-1.609,48.0,1
75.0,68.70459771,-1.609,48.0,1
100.0,68.70459771,-1.609,48.0,1
51.4,59.80324732,-1.609,24.0,0
21.7,59.80324732,-1.609,24.0,0
32.2,137.8074829,-1.609,24.0,0
28.7,137.8074829,-1.609,24.0,0
119.5,103.3556122,-1.609,24.0,0
106.8,103.3556122,-1.609,24.0,0
239.1,78.58443242,-1.609,24.0,0
191.3,78.58443242,-1.609,24.0,0
3.125,23.93730341,-3.608,24.0,0
6.25,23.93730341,-3.608,24.0,0
12.5,23.93730341,-3.608,24.0,0
25.0,23.93730341,-3.608,24.0,1
50.0,23.93730341,-3.608,24.0,1
100.0,23.93730341,-3.608,24.0,1
200.0,23.93730341,-3.608,24.0,1
3.125,23.93730341,-3.608,48.0,0
6.25,23.93730341,-3.608,48.0,0
12.5,23.93730341,-3.608,48.0,0
25.0,23.93730341,-3.608,48.0,1
50.0,23.93730341,-3.608,48.0,1
100.0,23.93730341,-3.608,48.0,1
200.0,23.93730341,-3.608,48.0,1
3.125,51.61769868,-3.608,24.0,0
6.25,51.61769868,-3.608,24.0,0
12.5,51.61769868,-3.608,24.0,0
25.0,51.61769868,-3.608,24.0,1
50.0,51.61769868,-3.608,24.0,1
100.0,51.61769868,-3.608,24.0,1
200.0,51.61769868,-3.608,24.0,1
3.125,51.61769868,-3.608,48.0,0
6.25,51.61769868,-3.608,48.0,0
12.5,51.61769868,-3.608,48.0,0
25.0,51.61769868,-3.608,48.0,1
50.0,51.61769868,-3.608,48.0,1
100.0,51.61769868,-3.608,48.0,1
200.0,51.61769868,-3.608,48.0,1
7.5,115.8301158,-11.59,24.0,0
15.0,115.8301158,-11.59,24.0,0
30.0,115.8301158,-11.59,24.0,0
60.0,115.8301158,-11.59,24.0,0
120.0,115.8301158,-11.59,24.0,0
240.0,115.8301158,-11.59,24.0,0
480.0,115.8301158,-11.59,24.0,1
960.0,115.8301158,-11.59,24.0,1
7.5,115.8301158,-11.59,24.0,0
15.0,115.8301158,-11.59,24.0,0
30.0,115.8301158,-11.59,24.0,0
60.0,115.8301158,-11.59,24.0,0
120.0,115.8301158,-11.59,24.0,0
240.0,115.8301158,-11.59,24.0,0
480.0,115.8301158,-11.59,24.0,0
960.0,115.8301158,-11.59,24.0,1
5.0,30.55767762,-3.608,24.0,0
10.0,30.55767762,-3.608,24.0,0
20.0,30.55767762,-3.608,24.0,0
30.0,30.55767762,-3.608,24.0,0
40.0,30.55767762,-3.608,24.0,0
5.0,30.55767762,-3.608,24.0,0
10.0,30.55767762,-3.608,24.0,0
20.0,30.55767762,-3.608,24.0,0
30.0,30.55767762,-3.608,24.0,0
40.0,30.55767762,-3.608,24.0,0
10.0,46.1995126,-3.608,72.0,0
5.0,46.1995126,-3.608,72.0,0
30.0,78.0219866,-9.779,72.0,0
20.0,78.0219866,-9.779,72.0,0
15.0,78.0219866,-9.779,72.0,0
10.0,78.0219866,-9.779,72.0,0
9.76,19.89271197,-1.609,48.0,0
159.73,110.7290957,-9.779,48.0,0
20.0,21.39037433,-3.608,24.0,0
25.0,21.39037433,-3.608,24.0,1
30.0,21.39037433,-3.608,24.0,1
35.0,21.39037433,-3.608,24.0,1
40.0,21.39037433,-3.608,24.0,1
45.0,21.39037433,-3.608,24.0,1
50.0,21.39037433,-3.608,24.0,1
5.0,231.6602317,-11.59,24.0,0
5.0,115.8301158,-11.59,24.0,0
5.0,38.61003861,-11.59,24.0,0
5.0,231.6602317,-11.59,24.0,0
5.0,115.8301158,-11.59,24.0,0
5.0,38.61003861,-11.59,24.0,0
5.0,231.6602317,-11.59,24.0,0
5.0,115.8301158,-11.59,24.0,0
5.0,38.61003861,-11.59,24.0,0
5.0,231.6602317,-11.59,24.0,0
5.0,115.8301158,-11.59,24.0,0
5.0,38.61003861,-11.59,24.0,0
5.0,231.6602317,-11.59,24.0,0
5.0,115.8301158,-11.59,24.0,0
5.0,38.61003861,-11.59,24.0,0
5.0,231.6602317,-11.59,72.0,0
5.0,115.8301158,-11.59,72.0,0
5.0,38.61003861,-11.59,72.0,0
5.0,231.6602317,-11.59,72.0,0
5.0,115.8301158,-11.59,72.0,0
5.0,38.61003861,-11.59,72.0,0
5.0,231.6602317,-11.59,72.0,0
5.0,115.8301158,-11.59,72.0,0
5.0,38.61003861,-11.59,72.0,0
5.0,231.6602317,-11.59,72.0,0
5.0,115.8301158,-11.59,72.0,0
5.0,38.61003861,-11.59,72.0,0
5.0,231.6602317,-11.59,72.0,0
5.0,115.8301158,-11.59,72.0,0
5.0,38.61003861,-11.59,72.0,0
25.0,231.6602317,-11.59,24.0,0
25.0,115.8301158,-11.59,24.0,0
25.0,38.61003861,-11.59,24.0,0
25.0,231.6602317,-11.59,24.0,0
25.0,115.8301158,-11.59,24.0,0
25.0,38.61003861,-11.59,24.0,0
25.0,231.6602317,-11.59,24.0,0
25.0,115.8301158,-11.59,24.0,0
25.0,38.61003861,-11.59,24.0,0
25.0,231.6602317,-11.59,24.0,0
25.0,115.8301158,-11.59,24.0,0
25.0,38.61003861,-11.59,24.0,0
25.0,231.6602317,-11.59,24.0,0
25.0,115.8301158,-11.59,24.0,0
25.0,38.61003861,-11.59,24.0,0
25.0,231.6602317,-11.59,72.0,0
25.0,115.8301158,-11.59,72.0,0
25.0,38.61003861,-11.59,72.0,0
25.0,231.6602317,-11.59,72.0,0
25.0,115.8301158,-11.59,72.0,0
25.0,38.61003861,-11.59,72.0,0
25.0,231.6602317,-11.59,72.0,0
25.0,115.8301158,-11.59,72.0,0
25.0,38.61003861,-11.59,72.0,0
25.0,231.6602317,-11.59,72.0,0
25.0,115.8301158,-11.59,72.0,0
25.0,38.61003861,-11.59,72.0,0
25.0,231.6602317,-11.59,72.0,0
25.0,115.8301158,-11.59,72.0,0
25.0,38.61003861,-11.59,72.0,0
5.0,231.6602317,-11.59,24.0,0
5.0,115.8301158,-11.59,24.0,0
5.0,38.61003861,-11.59,24.0,0
5.0,231.6602317,-11.59,24.0,0
5.0,115.8301158,-11.59,24.0,0
5.0,38.61003861,-11.59,24.0,0
5.0,231.6602317,-11.59,24.0,0
5.0,115.8301158,-11.59,24.0,0
5.0,38.61003861,-11.59,24.0,0
5.0,231.6602317,-11.59,24.0,0
5.0,115.8301158,-11.59,24.0,0
5.0,38.61003861,-11.59,24.0,0
5.0,231.6602317,-11.59,24.0,0
5.0,115.8301158,-11.59,24.0,0
5.0,38.61003861,-11.59,24.0,0
5.0,231.6602317,-11.59,72.0,0
5.0,115.8301158,-11.59,72.0,0
5.0,38.61003861,-11.59,72.0,0
5.0,231.6602317,-11.59,72.0,0
5.0,115.8301158,-11.59,72.0,0
5.0,38.61003861,-11.59,72.0,0
5.0,231.6602317,-11.59,72.0,0
5.0,115.8301158,-11.59,72.0,0
5.0,38.61003861,-11.59,72.0,0
5.0,231.6602317,-11.59,72.0,0
5.0,115.8301158,-11.59,72.0,0
5.0,38.61003861,-11.59,72.0,0
5.0,231.6602317,-11.59,72.0,0
5.0,115.8301158,-11.59,72.0,0
5.0,38.61003861,-11.59,72.0,0
25.0,231.6602317,-11.59,24.0,0
25.0,115.8301158,-11.59,24.0,0
25.0,38.61003861,-11.59,24.0,0
25.0,231.6602317,-11.59,24.0,0
25.0,115.8301158,-11.59,24.0,0
25.0,38.61003861,-11.59,24.0,0
25.0,231.6602317,-11.59,24.0,0
25.0,115.8301158,-11.59,24.0,0
25.0,38.61003861,-11.59,24.0,0
25.0,231.6602317,-11.59,24.0,0
25.0,115.8301158,-11.59,24.0,0
25.0,38.61003861,-11.59,24.0,0
25.0,231.6602317,-11.59,24.0,0
25.0,115.8301158,-11.59,24.0,0
25.0,38.61003861,-11.59,24.0,0
25.0,231.6602317,-11.59,72.0,0
25.0,115.8301158,-11.59,72.0,0
25.0,38.61003861,-11.59,72.0,0
25.0,231.6602317,-11.59,72.0,0
25.0,115.8301158,-11.59,72.0,0
25.0,38.61003861,-11.59,72.0,0
25.0,231.6602317,-11.59,72.0,0
25.0,115.8301158,-11.59,72.0,0
25.0,38.61003861,-11.59,72.0,0
25.0,231.6602317,-11.59,72.0,0
25.0,115.8301158,-11.59,72.0,0
25.0,38.61003861,-11.59,72.0,0
25.0,231.6602317,-11.59,72.0,0
25.0,115.8301158,-11.59,72.0,0
25.0,38.61003861,-11.59,72.0,0
0.0,117.4747625,-11.59,24.0,0
100.0,117.4747625,-11.59,24.0,1
150.0,117.4747625,-11.59,24.0,1
200.0,117.4747625,-11.59,24.0,1
250.0,117.4747625,-11.59,24.0,1
0.0,53.32480137,-9.779,24.0,0
0.75,53.32480137,-9.779,24.0,0
1.0,53.32480137,-9.779,24.0,0
2.0,53.32480137,-9.779,24.0,0
5.0,53.32480137,-9.779,24.0,0
10.0,53.32480137,-9.779,24.0,0
50.0,53.32480137,-9.779,24.0,0
75.0,53.32480137,-9.779,24.0,1
0.0,53.32480137,-9.779,24.0,0
0.75,53.32480137,-9.779,24.0,0
1.0,53.32480137,-9.779,24.0,0
2.0,53.32480137,-9.779,24.0,0
5.0,53.32480137,-9.779,24.0,0
10.0,53.32480137,-9.779,24.0,0
50.0,53.32480137,-9.779,24.0,0
75.0,53.32480137,-9.779,24.0,0
5.0,29.0,-3.608,24.0,0
50.0,29.0,-3.608,24.0,0
100.0,29.0,-3.608,24.0,0
150.0,29.0,-3.608,24.0,0
300.0,29.0,-3.608,24.0,0
5.0,29.0,-3.608,48.0,0
50.0,29.0,-3.608,48.0,0
100.0,29.0,-3.608,48.0,0
150.0,29.0,-3.608,48.0,0
300.0,29.0,-3.608,48.0,0
5.0,29.0,-3.608,48.0,1
150.0,29.0,-3.608,48.0,1
1.0,75.2,-9.779,24.0,0
6.25,75.2,-9.779,24.0,0
12.5,75.2,-9.779,24.0,0
25.0,75.2,-9.779,24.0,0
50.0,75.2,-9.779,24.0,0
100.0,75.2,-9.779,24.0,0
200.0,75.2,-9.779,24.0,0
1.0,39.9,-9.779,24.0,0
6.25,39.9,-9.779,24.0,0
12.5,39.9,-9.779,24.0,0
25.0,39.9,-9.779,24.0,0
50.0,39.9,-9.779,24.0,0
100.0,39.9,-9.779,24.0,0
200.0,39.9,-9.779,24.0,1
1.0,60.1,-9.779,24.0,0
6.25,60.1,-9.779,24.0,0
12.5,60.1,-9.779,24.0,0
25.0,60.1,-9.779,24.0,0
50.0,60.1,-9.779,24.0,1
100.0,60.1,-9.779,24.0,1
200.0,60.1,-9.779,24.0,1
1.0,89.9,-9.779,24.0,0
6.25,89.9,-9.779,24.0,0
12.5,89.9,-9.779,24.0,0
25.0,89.9,-9.779,24.0,0
50.0,89.9,-9.779,24.0,0
100.0,89.9,-9.779,24.0,0
200.0,89.9,-9.779,24.0,1
1.0,45.6,-9.779,24.0,0
6.25,45.6,-9.779,24.0,0
12.5,45.6,-9.779,24.0,0
25.0,45.6,-9.779,24.0,0
50.0,45.6,-9.779,24.0,0
100.0,45.6,-9.779,24.0,0
200.0,45.6,-9.779,24.0,0
0.0,32.17,-3.608,2.0,0
5.0,32.17,-3.608,2.0,0
10.0,32.17,-3.608,2.0,0
20.0,32.17,-3.608,2.0,0
40.0,32.17,-3.608,2.0,0
60.0,32.17,-3.608,2.0,0
80.0,32.17,-3.608,2.0,0
100.0,32.17,-3.608,2.0,0
0.0,32.17,-3.608,6.0,0
5.0,32.17,-3.608,6.0,0
10.0,32.17,-3.608,6.0,0
20.0,32.17,-3.608,6.0,0
40.0,32.17,-3.608,6.0,0
60.0,32.17,-3.608,6.0,0
80.0,32.17,-3.608,6.0,0
100.0,32.17,-3.608,6.0,0
0.0,32.17,-3.608,12.0,0
5.0,32.17,-3.608,12.0,0
10.0,32.17,-3.608,12.0,0
20.0,32.17,-3.608,12.0,0
40.0,32.17,-3.608,12.0,0
60.0,32.17,-3.608,12.0,0
80.0,32.17,-3.608,12.0,0
100.0,32.17,-3.608,12.0,0
0.0,32.17,-3.608,24.0,0
5.0,32.17,-3.608,24.0,0
10.0,32.17,-3.608,24.0,0
20.0,32.17,-3.608,24.0,0
40.0,32.17,-3.608,24.0,1
60.0,32.17,-3.608,24.0,1
80.0,32.17,-3.608,24.0,1
100.0,32.17,-3.608,24.0,1
20.0,17.03,-3.608,2.0,0
40.0,17.03,-3.608,2.0,0
60.0,17.03,-3.608,2.0,0
80.0,17.03,-3.608,2.0,0
100.0,17.03,-3.608,2.0,0
0.0,17.03,-3.608,6.0,0
5.0,17.03,-3.608,6.0,0
10.0,17.03,-3.608,6.0,0
20.0,17.03,-3.608,6.0,0
40.0,17.03,-3.608,6.0,0
60.0,17.03,-3.608,6.0,0
80.0,17.03,-3.608,6.0,0
100.0,17.03,-3.608,6.0,0
0.0,17.03,-3.608,12.0,0
5.0,17.03,-3.608,12.0,0
10.0,17.03,-3.608,12.0,0
20.0,17.03,-3.608,12.0,0
40.0,17.03,-3.608,12.0,0
60.0,17.03,-3.608,12.0,1
80.0,17.03,-3.608,12.0,1
100.0,17.03,-3.608,12.0,1
0.0,17.03,-3.608,24.0,0
5.0,17.03,-3.608,24.0,0
10.0,17.03,-3.608,24.0,0
20.0,17.03,-3.608,24.0,1
40.0,17.03,-3.608,24.0,1
60.0,17.03,-3.608,24.0,1
80.0,17.03,-3.608,24.0,1
100.0,17.03,-3.608,24.0,1
0.0,14.9,-9.779,24.0,0
1.0,14.9,-9.779,24.0,0
5.0,14.9,-9.779,24.0,0
10.0,14.9,-9.779,24.0,0
20.0,14.9,-9.779,24.0,0
40.0,14.9,-9.779,24.0,0
20.0,14.9,-9.779,24.0,1
40.0,14.9,-9.779,24.0,1
0.0,13.7,-9.779,24.0,0
1.0,13.7,-9.779,24.0,0
5.0,13.7,-9.779,24.0,0
10.0,13.7,-9.779,24.0,0
20.0,13.7,-9.779,24.0,0
40.0,13.7,-9.779,24.0,0
6.25,4.503236701,-3.608,24.0,0
12.5,4.503236701,-3.608,24.0,0
25.0,4.503236701,-3.608,24.0,0
50.0,4.503236701,-3.608,24.0,1
100.0,4.503236701,-3.608,24.0,1
50.0,4.503236701,-3.608,24.0,0
100.0,4.503236701,-3.608,24.0,0
0.0,77.6,-1.609,24.0,0
12.5,77.6,-1.609,24.0,0
25.0,77.6,-1.609,24.0,0
50.0,77.6,-1.609,24.0,0
100.0,77.6,-1.609,24.0,0
0.0,77.6,-1.609,24.0,0
12.5,77.6,-1.609,24.0,0
25.0,77.6,-1.609,24.0,0
50.0,77.6,-1.609,24.0,1
100.0,77.6,-1.609,24.0,1
0.32,47.0,-1.609,24.0,0
1.6,47.0,-1.609,24.0,0
3.2,47.0,-1.609,24.0,0
16.1,47.0,-1.609,24.0,0
32.1,47.0,-1.609,24.0,1
0.0,73.14397172,-1.609,0.17,0
5.0,73.14397172,-1.609,0.17,0
15.0,73.14397172,-1.609,0.17,0
25.0,73.14397172,-1.609,0.17,0
0.0,73.14397172,-1.609,1.0,0
5.0,73.14397172,-1.609,1.0,0
15.0,73.14397172,-1.609,1.0,0
25.0,73.14397172,-1.609,1.0,0
0.0,73.14397172,-1.609,3.0,0
5.0,73.14397172,-1.609,3.0,0
15.0,73.14397172,-1.609,3.0,0
25.0,73.14397172,-1.609,3.0,0
0.0,73.14397172,-1.609,6.0,0
5.0,73.14397172,-1.609,6.0,0
15.0,73.14397172,-1.609,6.0,0
25.0,73.14397172,-1.609,6.0,0
0.0,73.14397172,-1.609,24.0,0
5.0,73.14397172,-1.609,24.0,0
15.0,73.14397172,-1.609,24.0,0
25.0,73.14397172,-1.609,24.0,0
0.0,73.14397172,-1.609,36.0,0
5.0,73.14397172,-1.609,36.0,0
15.0,73.14397172,-1.609,36.0,0
25.0,73.14397172,-1.609,36.0,0
10.0,89.1000891,-11.59,2.0,1
10.0,89.1000891,-11.59,4.0,1
10.0,89.1000891,-11.59,6.0,1
10.0,89.1000891,-11.59,8.0,1
10.0,89.1000891,-11.59,10.0,1
10.0,89.1000891,-11.59,12.0,1
10.0,89.1000891,-11.59,14.0,1
10.0,89.1000891,-11.59,16.0,1
10.0,89.1000891,-11.59,18.0,0
10.0,89.1000891,-11.59,20.0,0
10.0,89.1000891,-11.59,22.0,0
10.0,89.1000891,-11.59,24.0,0
3.3,89.1000891,-11.59,2.0,1
3.3,89.1000891,-11.59,4.0,1
3.3,89.1000891,-11.59,6.0,1
3.3,89.1000891,-11.59,8.0,1
3.3,89.1000891,-11.59,10.0,1
3.3,89.1000891,-11.59,12.0,1
3.3,89.1000891,-11.59,14.0,1
3.3,89.1000891,-11.59,16.0,1
3.3,89.1000891,-11.59,18.0,0
3.3,89.1000891,-11.59,20.0,0
3.3,89.1000891,-11.59,22.0,0
3.3,89.1000891,-11.59,24.0,0
1.1,89.1000891,-11.59,2.0,1
1.1,89.1000891,-11.59,4.0,1
1.1,89.1000891,-11.59,6.0,1
1.1,89.1000891,-11.59,8.0,1
1.1,89.1000891,-11.59,10.0,1
1.1,89.1000891,-11.59,12.0,1
1.1,89.1000891,-11.59,14.0,1
1.1,89.1000891,-11.59,16.0,1
1.1,89.1000891,-11.59,18.0,1
1.1,89.1000891,-11.59,20.0,0
1.1,89.1000891,-11.59,22.0,0
1.1,89.1000891,-11.59,24.0,0
0.37,89.1000891,-11.59,2.0,1
0.37,89.1000891,-11.59,4.0,1
0.37,89.1000891,-11.59,6.0,1
0.37,89.1000891,-11.59,8.0,1
0.37,89.1000891,-11.59,10.0,1
0.37,89.1000891,-11.59,12.0,1
0.37,89.1000891,-11.59,14.0,1
0.37,89.1000891,-11.59,16.0,1
0.37,89.1000891,-11.59,18.0,1
0.37,89.1000891,-11.59,20.0,1
0.37,89.1000891,-11.59,22.0,1
0.37,89.1000891,-11.59,24.0,1
0.1234,89.1000891,-11.59,2.0,1
0.1234,89.1000891,-11.59,4.0,1
0.1234,89.1000891,-11.59,6.0,1
0.1234,89.1000891,-11.59,8.0,1
0.1234,89.1000891,-11.59,10.0,1
0.1234,89.1000891,-11.59,12.0,1
0.1234,89.1000891,-11.59,14.0,1
0.1234,89.1000891,-11.59,16.0,1
0.1234,89.1000891,-11.59,18.0,1
0.1234,89.1000891,-11.59,20.0,1
0.1234,89.1000891,-11.59,22.0,1
0.1234,89.1000891,-11.59,24.0,1
0.0,23.25040688,-3.608,4.0,0
1.0,23.25040688,-3.608,4.0,0
2.5,23.25040688,-3.608,4.0,0
5.0,23.25040688,-3.608,4.0,0
10.0,23.25040688,-3.608,4.0,0
50.0,23.25040688,-3.608,4.0,0
0.0,23.25040688,-3.608,4.0,0
1.0,23.25040688,-3.608,4.0,0
2.5,23.25040688,-3.608,4.0,0
5.0,23.25040688,-3.608,4.0,0
10.0,23.25040688,-3.608,4.0,0
50.0,23.25040688,-3.608,4.0,0
0.0,14.85442662,-3.608,24.0,0
1.0,14.85442662,-3.608,24.0,0
5.0,14.85442662,-3.608,24.0,0
10.0,14.85442662,-3.608,24.0,0
20.0,14.85442662,-3.608,24.0,1
50.0,14.85442662,-3.608,24.0,1
0.0,4.512737201,-3.608,24.0,0
1.0,4.512737201,-3.608,24.0,0
5.0,4.512737201,-3.608,24.0,0
10.0,4.512737201,-3.608,24.0,0
20.0,4.512737201,-3.608,24.0,0
50.0,4.512737201,-3.608,24.0,1
0.0,13.48429754,-11.59,24.0,0
1.0,13.48429754,-11.59,24.0,0
5.0,13.48429754,-11.59,24.0,0
10.0,13.48429754,-11.59,24.0,0
10.0,14.62879434,-1.609,8.0,0
90.0,14.62879434,-1.609,8.0,1
0.0,28.36879433,-9.779,24.0,0
1.0,28.36879433,-9.779,24.0,0
10.0,28.36879433,-9.779,24.0,0
50.0,28.36879433,-9.779,24.0,0
100.0,28.36879433,-9.779,24.0,0
200.0,28.36879433,-9.779,24.0,0
0.0,77.51,-9.779,24.0,0
1.56,77.51,-9.779,24.0,0
3.13,77.51,-9.779,24.0,0
6.25,77.51,-9.779,24.0,0
12.5,77.51,-9.779,24.0,0
25.0,77.51,-9.779,24.0,0
50.0,77.51,-9.779,24.0,0
100.0,77.51,-9.779,24.0,0
200.0,77.51,-9.779,24.0,0
0.0,77.51,-9.779,48.0,0
1.56,77.51,-9.779,48.0,0
3.13,77.51,-9.779,48.0,0
6.25,77.51,-9.779,48.0,0
12.5,77.51,-9.779,48.0,0
25.0,77.51,-9.779,48.0,0
50.0,77.51,-9.779,48.0,0
100.0,77.51,-9.779,48.0,0
200.0,77.51,-9.779,48.0,0
0.0,115.8301158,-11.59,26.0,0
2.0,115.8301158,-11.59,26.0,0
4.0,115.8301158,-11.59,26.0,0
8.0,115.8301158,-11.59,26.0,0
10.0,115.8301158,-11.59,26.0,0
50.0,115.8301158,-11.59,26.0,0
100.0,115.8301158,-11.59,26.0,0
0.153,15.14126803,-1.609,48.0,0
0.115,15.14126803,-1.609,48.0,0
0.077,15.14126803,-1.609,48.0,0
0.153,15.14126803,-1.609,48.0,0
0.115,15.14126803,-1.609,48.0,0
0.077,15.14126803,-1.609,48.0,0
0.153,15.14126803,-1.609,48.0,0
0.115,15.14126803,-1.609,48.0,0
0.077,15.14126803,-1.609,48.0,0
0.0,160.8751609,-11.59,24.0,0
1.0,160.8751609,-11.59,24.0,0
3.0,160.8751609,-11.59,24.0,0
10.0,160.8751609,-11.59,24.0,0
0.0,160.8751609,-11.59,24.0,0
1.0,160.8751609,-11.59,24.0,0
3.0,160.8751609,-11.59,24.0,0
10.0,160.8751609,-11.59,24.0,0
0.0,163.1410082,-11.59,24.0,0
1.0,163.1410082,-11.59,24.0,0
3.0,163.1410082,-11.59,24.0,0
10.0,163.1410082,-11.59,24.0,0
0.0,163.1410082,-11.59,24.0,0
1.0,163.1410082,-11.59,24.0,0
3.0,163.1410082,-11.59,24.0,0
10.0,163.1410082,-11.59,24.0,0
0.0,167.8697331,-11.59,24.0,0
1.0,167.8697331,-11.59,24.0,0
3.0,167.8697331,-11.59,24.0,0
10.0,167.8697331,-11.59,24.0,0
0.0,167.8697331,-11.59,24.0,0
1.0,167.8697331,-11.59,24.0,0
3.0,167.8697331,-11.59,24.0,0
10.0,167.8697331,-11.59,24.0,0
0.0,163.1410082,-11.59,24.0,0
1.0,163.1410082,-11.59,24.0,0
3.0,163.1410082,-11.59,24.0,0
10.0,163.1410082,-11.59,24.0,0
0.0,163.1410082,-11.59,24.0,0
1.0,163.1410082,-11.59,24.0,0
3.0,163.1410082,-11.59,24.0,0
10.0,163.1410082,-11.59,24.0,0
0.0,117.2264228,-9.779,24.0,0
10.0,117.2264228,-9.779,24.0,0
100.0,117.2264228,-9.779,24.0,0
1000.0,117.2264228,-9.779,24.0,0
2000.0,117.2264228,-9.779,24.0,0
0.0,117.2264228,-9.779,48.0,0
10.0,117.2264228,-9.779,48.0,0
100.0,117.2264228,-9.779,48.0,0
1000.0,117.2264228,-9.779,48.0,0
2000.0,117.2264228,-9.779,48.0,1
0.0,117.2264228,-9.779,72.0,0
10.0,117.2264228,-9.779,72.0,0
100.0,117.2264228,-9.779,72.0,0
1000.0,117.2264228,-9.779,72.0,0
2000.0,117.2264228,-9.779,72.0,0
0.0,117.2264228,-9.779,24.0,0
10.0,117.2264228,-9.779,24.0,0
100.0,117.2264228,-9.779,24.0,0
1000.0,117.2264228,-9.779,24.0,0
2000.0,117.2264228,-9.779,24.0,0
0.0,117.2264228,-9.779,48.0,0
10.0,117.2264228,-9.779,48.0,0
100.0,117.2264228,-9.779,48.0,0
1000.0,117.2264228,-9.779,48.0,0
2000.0,117.2264228,-9.779,48.0,0
0.0,117.2264228,-9.779,72.0,0
10.0,117.2264228,-9.779,72.0,0
100.0,117.2264228,-9.779,72.0,0
1000.0,117.2264228,-9.779,72.0,0
2000.0,117.2264228,-9.779,72.0,0
0.0,61.22030433,-3.608,24.0,0
1.584893192,61.22030433,-3.608,24.0,0
3.16227766,61.22030433,-3.608,24.0,0
6.309573445,61.22030433,-3.608,24.0,0
12.58925412,61.22030433,-3.608,24.0,1
25.11886432,61.22030433,-3.608,24.0,1
50.11872336,61.22030433,-3.608,24.0,1
100.0,61.22030433,-3.608,24.0,1
0.0,61.22030433,-3.608,24.0,0
1.584893192,61.22030433,-3.608,24.0,0
3.16227766,61.22030433,-3.608,24.0,0
6.309573445,61.22030433,-3.608,24.0,1
12.58925412,61.22030433,-3.608,24.0,1
25.11886432,61.22030433,-3.608,24.0,1
50.11872336,61.22030433,-3.608,24.0,1
100.0,61.22030433,-3.608,24.0,1
0.0,154.4401544,-11.59,24.0,0
5.0,154.4401544,-11.59,24.0,0
10.0,154.4401544,-11.59,24.0,0
20.0,154.4401544,-11.59,24.0,0
50.0,154.4401544,-11.59,24.0,0
100.0,154.4401544,-11.59,24.0,0
5.0,205.6766763,-3.608,24.0,0
7.5,205.6766763,-3.608,24.0,0
10.0,205.6766763,-3.608,24.0,0
15.0,205.6766763,-3.608,24.0,0
20.0,205.6766763,-3.608,24.0,0
25.0,205.6766763,-3.608,24.0,0
5.0,205.6766763,-3.608,24.0,0
7.5,205.6766763,-3.608,24.0,0
10.0,205.6766763,-3.608,24.0,0
15.0,205.6766763,-3.608,24.0,0
20.0,205.6766763,-3.608,24.0,1
25.0,205.6766763,-3.608,24.0,1
5.0,227.5571737,-3.608,24.0,0
7.5,227.5571737,-3.608,24.0,0
10.0,227.5571737,-3.608,24.0,0
15.0,227.5571737,-3.608,24.0,0
20.0,227.5571737,-3.608,24.0,0
25.0,227.5571737,-3.608,24.0,0
5.0,227.5571737,-3.608,24.0,0
7.5,227.5571737,-3.608,24.0,0
10.0,227.5571737,-3.608,24.0,0
15.0,227.5571737,-3.608,24.0,0
20.0,227.5571737,-3.608,24.0,0
25.0,227.5571737,-3.608,24.0,0
5.0,243.0724356,-3.608,24.0,0
7.5,243.0724356,-3.608,24.0,0
10.0,243.0724356,-3.608,24.0,0
15.0,243.0724356,-3.608,24.0,0
20.0,243.0724356,-3.608,24.0,0
25.0,243.0724356,-3.608,24.0,0
5.0,243.0724356,-3.608,24.0,0
7.5,243.0724356,-3.608,24.0,0
10.0,243.0724356,-3.608,24.0,0
15.0,243.0724356,-3.608,24.0,0
20.0,243.0724356,-3.608,24.0,1
25.0,243.0724356,-3.608,24.0,1
0.0,9.722897423,-3.608,24.0,0
0.6,9.722897423,-3.608,24.0,0
1.2,9.722897423,-3.608,24.0,0
2.5,9.722897423,-3.608,24.0,0
5.0,9.722897423,-3.608,24.0,0
7.5,9.722897423,-3.608,24.0,0
10.0,9.722897423,-3.608,24.0,1
20.0,9.722897423,-3.608,24.0,1
0.0,9.722897423,-3.608,24.0,0
0.6,9.722897423,-3.608,24.0,0
1.2,9.722897423,-3.608,24.0,0
2.5,9.722897423,-3.608,24.0,0
5.0,9.722897423,-3.608,24.0,0
7.5,9.722897423,-3.608,24.0,1
10.0,9.722897423,-3.608,24.0,1
20.0,9.722897423,-3.608,24.0,1
0.0,9.722897423,-3.608,24.0,0
0.6,9.722897423,-3.608,24.0,0
1.2,9.722897423,-3.608,24.0,0
2.5,9.722897423,-3.608,24.0,0
5.0,9.722897423,-3.608,24.0,0
7.5,9.722897423,-3.608,24.0,0
10.0,9.722897423,-3.608,24.0,1
20.0,9.722897423,-3.608,24.0,1
0.18,9.722897423,-3.608,4.0,0
0.35,9.722897423,-3.608,4.0,0
0.7,9.722897423,-3.608,4.0,0
1.5,9.722897423,-3.608,4.0,0
3.0,9.722897423,-3.608,4.0,0
6.0,9.722897423,-3.608,4.0,0
12.0,9.722897423,-3.608,4.0,0
0.18,9.722897423,-3.608,24.0,0
0.35,9.722897423,-3.608,24.0,1
0.7,9.722897423,-3.608,24.0,1
1.5,9.722897423,-3.608,24.0,1
3.0,9.722897423,-3.608,24.0,1
6.0,9.722897423,-3.608,24.0,1
12.0,9.722897423,-3.608,24.0,1
1.0,7.387706856,-9.779,24.0,0
10.0,7.387706856,-9.779,24.0,0
50.0,7.387706856,-9.779,24.0,0
1.0,1.784200901,-9.779,24.0,0
10.0,1.784200901,-9.779,24.0,0
50.0,1.784200901,-9.779,24.0,0
1.0,2.797711472,-9.779,24.0,0
10.0,2.797711472,-9.779,24.0,0
50.0,2.797711472,-9.779,24.0,0
1.0,47.28132388,-9.779,24.0,0
10.0,47.28132388,-9.779,24.0,0
50.0,47.28132388,-9.779,24.0,0
1.0,278.1254346,-9.779,24.0,0
10.0,278.1254346,-9.779,24.0,0
50.0,278.1254346,-9.779,24.0,0
1.0,7.387706856,-9.779,24.0,0
10.0,7.387706856,-9.779,24.0,0
50.0,7.387706856,-9.779,24.0,0
1.0,1.784200901,-9.779,24.0,0
10.0,1.784200901,-9.779,24.0,0
50.0,1.784200901,-9.779,24.0,0
1.0,2.797711472,-9.779,24.0,0
10.0,2.797711472,-9.779,24.0,0
50.0,2.797711472,-9.779,24.0,0
1.0,47.28132388,-9.779,24.0,0
10.0,47.28132388,-9.779,24.0,0
50.0,47.28132388,-9.779,24.0,0
1.0,278.1254346,-9.779,24.0,0
10.0,278.1254346,-9.779,24.0,0
50.0,278.1254346,-9.779,24.0,0
1.0,7.387706856,-9.779,24.0,0
10.0,7.387706856,-9.779,24.0,0
50.0,7.387706856,-9.779,24.0,0
1.0,1.784200901,-9.779,24.0,0
10.0,1.784200901,-9.779,24.0,0
50.0,1.784200901,-9.779,24.0,0
1.0,2.797711472,-9.779,24.0,0
10.0,2.797711472,-9.779,24.0,0
50.0,2.797711472,-9.779,24.0,0
1.0,47.28132388,-9.779,24.0,0
10.0,47.28132388,-9.779,24.0,0
50.0,47.28132388,-9.779,24.0,0
1.0,278.1254346,-9.779,24.0,0
10.0,278.1254346,-9.779,24.0,0
50.0,278.1254346,-9.779,24.0,0
0.0,26.98273645,-1.609,24.0,0
50.0,26.98273645,-1.609,24.0,1
100.0,26.98273645,-1.609,24.0,1
200.0,26.98273645,-1.609,24.0,1
0.0,21.7690392,-1.609,24.0,0
50.0,21.7690392,-1.609,24.0,1
100.0,21.7690392,-1.609,24.0,1
200.0,21.7690392,-1.609,24.0,1
0.0,26.98273645,-1.609,24.0,0
50.0,26.98273645,-1.609,24.0,0
100.0,26.98273645,-1.609,24.0,0
200.0,26.98273645,-1.609,24.0,1
0.0,21.7690392,-1.609,24.0,0
50.0,21.7690392,-1.609,24.0,0
100.0,21.7690392,-1.609,24.0,0
200.0,21.7690392,-1.609,24.0,1
0.0,26.98273645,-1.609,24.0,0
50.0,26.98273645,-1.609,24.0,0
100.0,26.98273645,-1.609,24.0,0
200.0,26.98273645,-1.609,24.0,1
0.0,21.7690392,-1.609,24.0,0
50.0,21.7690392,-1.609,24.0,0
100.0,21.7690392,-1.609,24.0,0
200.0,21.7690392,-1.609,24.0,0
0.001,24.1,-1.609,24.0,0
0.01,24.1,-1.609,24.0,0
0.1,24.1,-1.609,24.0,0
1.0,24.1,-1.609,24.0,0
5.0,24.1,-1.609,24.0,0
10.0,24.1,-1.609,24.0,1
20.0,24.1,-1.609,24.0,1
50.0,24.1,-1.609,24.0,1
100.0,24.1,-1.609,24.0,1
0.001,24.1,-1.609,12.0,0
0.01,24.1,-1.609,12.0,0
0.1,24.1,-1.609,12.0,0
1.0,24.1,-1.609,12.0,0
5.0,24.1,-1.609,12.0,0
10.0,24.1,-1.609,12.0,0
20.0,24.1,-1.609,12.0,1
50.0,24.1,-1.609,12.0,1
100.0,24.1,-1.609,12.0,1
0.001,147.4,-11.59,24.0,0
0.01,147.4,-11.59,24.0,0
0.1,147.4,-11.59,24.0,0
1.0,147.4,-11.59,24.0,0
5.0,147.4,-11.59,24.0,0
10.0,147.4,-11.59,24.0,0
20.0,147.4,-11.59,24.0,0
50.0,147.4,-11.59,24.0,0
100.0,147.4,-11.59,24.0,0
0.001,147.4,-11.59,12.0,0
0.01,147.4,-11.59,12.0,0
0.1,147.4,-11.59,12.0,0
1.0,147.4,-11.59,12.0,0
5.0,147.4,-11.59,12.0,0
10.0,147.4,-11.59,12.0,0
20.0,147.4,-11.59,12.0,0
50.0,147.4,-11.59,12.0,0
100.0,147.4,-11.59,12.0,0
0.0,100.0,-11.59,24.0,0
6.25,100.0,-11.59,24.0,0
12.5,100.0,-11.59,24.0,0
25.0,100.0,-11.59,24.0,0
50.0,100.0,-11.59,24.0,1
100.0,100.0,-11.59,24.0,1
0.0,100.0,-11.59,24.0,0
6.25,100.0,-11.59,24.0,0
12.5,100.0,-11.59,24.0,0
25.0,100.0,-11.59,24.0,0
50.0,100.0,-11.59,24.0,0
100.0,100.0,-11.59,24.0,0
0.0,100.0,-11.59,24.0,0
6.25,100.0,-11.59,24.0,0
12.5,100.0,-11.59,24.0,0
25.0,100.0,-11.59,24.0,0
50.0,100.0,-11.59,24.0,0
100.0,100.0,-11.59,24.0,0
0.0,100.0,-11.59,72.0,0
1.56,100.0,-11.59,72.0,0
3.13,100.0,-11.59,72.0,0
6.25,100.0,-11.59,72.0,1
12.5,100.0,-11.59,72.0,1
25.0,100.0,-11.59,72.0,0
50.0,100.0,-11.59,72.0,1
100.0,100.0,-11.59,72.0,1
0.0,100.0,-11.59,48.0,0
1.56,100.0,-11.59,48.0,0
3.13,100.0,-11.59,48.0,0
6.25,100.0,-11.59,48.0,0
12.5,100.0,-11.59,48.0,0
25.0,100.0,-11.59,48.0,0
50.0,100.0,-11.59,48.0,0
100.0,100.0,-11.59,48.0,1
0.0,100.0,-11.59,24.0,0
1.56,100.0,-11.59,24.0,0
3.13,100.0,-11.59,24.0,0
6.25,100.0,-11.59,24.0,0
12.5,100.0,-11.59,24.0,0
25.0,100.0,-11.59,24.0,0
50.0,100.0,-11.59,24.0,0
100.0,100.0,-11.59,24.0,0
0.05,100.0,-11.59,24.0,0
0.5,100.0,-11.59,24.0,0
5.0,100.0,-11.59,24.0,0
50.0,100.0,-11.59,24.0,0
500.0,100.0,-11.59,24.0,0
500.0,100.0,-11.59,24.0,1
0.05,100.0,-11.59,24.0,0
0.5,100.0,-11.59,24.0,0
5.0,100.0,-11.59,24.0,0
500.0,100.0,-11.59,24.0,0
0.05,100.0,-11.59,24.0,0
0.5,100.0,-11.59,24.0,0
5.0,100.0,-11.59,24.0,0
500.0,100.0,-11.59,24.0,0
0.0,65.0,-9.41,20.0,0
200.0,65.0,-9.41,20.0,0
0.0,57.0,-9.779,24.0,0
150.0,57.0,-9.779,24.0,0
0.0,57.0,-9.779,24.0,0
150.0,57.0,-9.779,24.0,0
0.0,57.0,-9.779,24.0,0
150.0,57.0,-9.779,24.0,0
0.0,57.0,-9.779,24.0,0
150.0,57.0,-9.779,24.0,0
0.0,57.0,-9.779,24.0,0
150.0,57.0,-9.779,24.0,1
150.0,57.0,-9.779,24.0,0
0.0,50.0,-9.779,24.0,0
1.0,50.0,-9.779,24.0,0
5.0,50.0,-9.779,24.0,0
10.0,50.0,-9.779,24.0,0
0.0,50.0,-9.779,12.0,0
1.0,50.0,-9.779,12.0,0
5.0,50.0,-9.779,12.0,0
10.0,50.0,-9.779,12.0,0
0.0,50.0,-9.779,6.0,0
1.0,50.0,-9.779,6.0,0
5.0,50.0,-9.779,6.0,0
10.0,50.0,-9.779,6.0,0
0.0,50.4,-9.779,24.0,0
10.0,50.4,-9.779,24.0,0
30.0,50.4,-9.779,24.0,0
100.0,50.4,-9.779,24.0,0
300.0,50.4,-9.779,24.0,0
0.0,166.0,-9.779,24.0,0
10.0,166.0,-9.779,24.0,0
30.0,166.0,-9.779,24.0,0
100.0,166.0,-9.779,24.0,0
300.0,166.0,-9.779,24.0,0
0.001,21.3,-3.608,24.0,0
0.01,21.3,-3.608,24.0,0
0.1,21.3,-3.608,24.0,0
1.0,21.3,-3.608,24.0,0
5.0,21.3,-3.608,24.0,0
10.0,21.3,-3.608,24.0,0
20.0,21.3,-3.608,24.0,1
50.0,21.3,-3.608,24.0,1
100.0,21.3,-3.608,24.0,1
0.001,21.3,-3.608,12.0,0
0.01,21.3,-3.608,12.0,0
0.1,21.3,-3.608,12.0,0
1.0,21.3,-3.608,12.0,0
5.0,21.3,-3.608,12.0,0
10.0,21.3,-3.608,12.0,0
20.0,21.3,-3.608,12.0,0
50.0,21.3,-3.608,12.0,1
100.0,21.3,-3.608,12.0,1
10.0,14.4,-3.608,24.0,0
20.0,14.4,-3.608,24.0,0
30.0,14.4,-3.608,24.0,1
50.0,14.4,-3.608,24.0,1
80.0,14.4,-3.608,24.0,1
10.0,14.5,-3.608,24.0,0
30.0,14.5,-3.608,24.0,0
50.0,14.5,-3.608,24.0,1
80.0,14.5,-3.608,24.0,1
10.0,14.4,-3.608,24.0,0
20.0,14.4,-3.608,24.0,0
30.0,14.4,-3.608,24.0,1
50.0,14.4,-3.608,24.0,1
80.0,14.4,-3.608,24.0,1
10.0,14.5,-3.608,24.0,0
20.0,14.5,-3.608,24.0,0
30.0,14.5,-3.608,24.0,1
50.0,14.5,-3.608,24.0,1
80.0,14.5,-3.608,24.0,1
0.0,7.34,-3.608,24.0,0
5.0,7.34,-3.608,24.0,0
10.0,7.34,-3.608,24.0,0
40.0,7.34,-3.608,24.0,1
80.0,7.34,-3.608,24.0,1
0.0,7.34,-3.608,24.0,0
5.0,7.34,-3.608,24.0,0
10.0,7.34,-3.608,24.0,0
20.0,7.34,-3.608,24.0,1
40.0,7.34,-3.608,24.0,1
80.0,7.34,-3.608,24.0,1
0.0,7.34,-3.608,24.0,0
5.0,7.34,-3.608,24.0,0
10.0,7.34,-3.608,24.0,0
20.0,7.34,-3.608,24.0,1
40.0,7.34,-3.608,24.0,1
80.0,7.34,-3.608,24.0,1
0.0,15.0,-3.608,72.0,0
1.56,15.0,-3.608,72.0,0
3.13,15.0,-3.608,72.0,0
6.25,15.0,-3.608,72.0,0
12.5,15.0,-3.608,72.0,1
25.0,15.0,-3.608,72.0,1
50.0,15.0,-3.608,72.0,1
0.0,15.0,-3.608,24.0,0
1.56,15.0,-3.608,24.0,0
3.13,15.0,-3.608,24.0,0
6.25,15.0,-3.608,24.0,0
12.5,15.0,-3.608,24.0,1
25.0,15.0,-3.608,24.0,1
50.0,15.0,-3.608,24.0,1
0.0,15.0,-3.608,12.0,0
1.56,15.0,-3.608,12.0,0
3.13,15.0,-3.608,12.0,0
6.25,15.0,-3.608,12.0,0
12.5,15.0,-3.608,12.0,0
25.0,15.0,-3.608,12.0,0
0.0,90.0,-3.608,72.0,0
1.56,90.0,-3.608,72.0,0
3.13,90.0,-3.608,72.0,0
6.25,90.0,-3.608,72.0,0
12.5,90.0,-3.608,72.0,1
25.0,90.0,-3.608,72.0,1
50.0,90.0,-3.608,72.0,1
0.0,90.0,-3.608,24.0,0
1.56,90.0,-3.608,24.0,0
3.13,90.0,-3.608,24.0,0
6.25,90.0,-3.608,24.0,0
12.5,90.0,-3.608,24.0,0
25.0,90.0,-3.608,24.0,1
50.0,90.0,-3.608,24.0,1
0.0,90.0,-3.608,12.0,0
1.56,90.0,-3.608,12.0,0
3.13,90.0,-3.608,12.0,0
6.25,90.0,-3.608,12.0,0
12.5,90.0,-3.608,12.0,0
25.0,90.0,-3.608,12.0,1
50.0,90.0,-3.608,12.0,1
0.0,37.0,-3.608,72.0,0
1.56,37.0,-3.608,72.0,0
3.13,37.0,-3.608,72.0,0
6.25,37.0,-3.608,72.0,0
12.5,37.0,-3.608,72.0,1
25.0,37.0,-3.608,72.0,1
50.0,37.0,-3.608,72.0,1
0.0,37.0,-3.608,24.0,0
1.56,37.0,-3.608,24.0,0
3.13,37.0,-3.608,24.0,0
6.25,37.0,-3.608,24.0,0
12.5,37.0,-3.608,24.0,0
25.0,37.0,-3.608,24.0,1
50.0,37.0,-3.608,24.0,1
0.0,37.0,-3.608,12.0,0
1.56,37.0,-3.608,12.0,0
3.13,37.0,-3.608,12.0,0
6.25,37.0,-3.608,12.0,0
12.5,37.0,-3.608,12.0,0
50.0,37.0,-3.608,12.0,1
0.4,74.2,-1.609,24.0,0
0.8,74.2,-1.609,24.0,0
1.6,74.2,-1.609,24.0,0
3.2,74.2,-1.609,24.0,0
6.3,74.2,-1.609,24.0,0
12.5,74.2,-1.609,24.0,0
25.0,74.2,-1.609,24.0,1
50.0,74.2,-1.609,24.0,1
100.0,74.2,-1.609,24.0,1
200.0,74.2,-1.609,24.0,1
0.4,74.2,-1.609,24.0,0
0.8,74.2,-1.609,24.0,0
1.6,74.2,-1.609,24.0,0
3.2,74.2,-1.609,24.0,0
6.3,74.2,-1.609,24.0,0
12.5,74.2,-1.609,24.0,0
25.0,74.2,-1.609,24.0,1
50.0,74.2,-1.609,24.0,1
100.0,74.2,-1.609,24.0,1
200.0,74.2,-1.609,24.0,1
0.0,15.1,-19.49,24.0,0
50.0,15.1,-19.49,24.0,1
100.0,15.1,-19.49,24.0,1
250.0,15.1,-19.49,24.0,1
500.0,15.1,-19.49,24.0,1
750.0,15.1,-19.49,24.0,1
1000.0,15.1,-19.49,24.0,1
1500.0,15.1,-19.49,24.0,1
0.4,47.4,-3.608,24.0,0
0.8,47.4,-3.608,24.0,0
1.6,47.4,-3.608,24.0,0
3.2,47.4,-3.608,24.0,0
6.3,47.4,-3.608,24.0,0
12.5,47.4,-3.608,24.0,0
25.0,47.4,-3.608,24.0,0
50.0,47.4,-3.608,24.0,1
100.0,47.4,-3.608,24.0,1
200.0,47.4,-3.608,24.0,1
0.4,47.4,-3.608,24.0,0
0.8,47.4,-3.608,24.0,0
1.6,47.4,-3.608,24.0,0
3.2,47.4,-3.608,24.0,0
6.3,47.4,-3.608,24.0,1
12.5,47.4,-3.608,24.0,1
25.0,47.4,-3.608,24.0,1
50.0,47.4,-3.608,24.0,1
100.0,47.4,-3.608,24.0,1
200.0,47.4,-3.608,24.0,1
0.4,47.4,-3.608,24.0,0
0.8,47.4,-3.608,24.0,0
1.6,47.4,-3.608,24.0,0
3.2,47.4,-3.608,24.0,0
6.3,47.4,-3.608,24.0,1
12.5,47.4,-3.608,24.0,1
25.0,47.4,-3.608,24.0,1
50.0,47.4,-3.608,24.0,1
100.0,47.4,-3.608,24.0,1
200.0,47.4,-3.608,24.0,1
0.0,20.6,-3.608,24.0,0
5.0,20.6,-3.608,24.0,0
10.0,20.6,-3.608,24.0,0
25.0,20.6,-3.608,24.0,1
50.0,20.6,-3.608,24.0,1
100.0,20.6,-3.608,24.0,1
9.7,15.3,-3.608,24.0,0
78.0,15.3,-3.608,24.0,1
155.1,15.3,-3.608,24.0,1
300.0,15.3,-3.608,24.0,1
480.6,15.3,-3.608,24.0,1
9.8,15.3,-3.608,24.0,0
20.0,15.3,-3.608,24.0,0
37.2,15.3,-3.608,24.0,0
77.0,15.3,-3.608,24.0,0
153.0,15.3,-3.608,24.0,1
312.3,15.3,-3.608,24.0,1
474.2,15.3,-3.608,24.0,1
8.0,15.3,-3.608,24.0,0
15.9,15.3,-3.608,24.0,0
31.7,15.3,-3.608,24.0,0
64.6,15.3,-3.608,24.0,0
128.4,15.3,-3.608,24.0,0
255.2,15.3,-3.608,24.0,1
372.2,15.3,-3.608,24.0,1
